sensor_a,sensor_b,group
1696.960319619214,2.919491765985758,0
1892.3713772699484,2.1849277168068184,1
2882.2514199602774,2.1252558950282765,0
3386.333125123578,1.3150348048516833,1
2280.385166190988,1.53226983536319,1
2844.227808392155,1.6203071292668523,1
1053.575119094233,2.722263225620134,0
,2.4832203071358423,0
1726.4261469516766,2.3867160110051837,1
2188.0342244361523,2.787553115580226,0
1132.254026231613,2.254106133820894,0
1443.5083931104728,2.4341066476407356,0
2763.2538432195042,2.745453343139145,0
3227.0269506831023,1.8772507726387895,1
,3.010113923849205,0
3101.40679106192,2.7644143326824264,0
2650.858768643087,1.6011182661208958,1
3782.7306905154837,1.2429770450696012,1
3062.9239064672634,2.531038755967111,0
1847.0984346862585,2.601856594953074,1
2763.0100585626624,1.8740894592154798,0
1832.7613585234662,2.3845696198027246,1
2487.6243886284487,1.8395135411226347,1
2444.236646658266,1.5339601226251849,1
2421.4436442363835,2.010255345164151,1
1695.3793203613702,3.146257692363107,0
1292.1134300637393,2.8828022656170624,0
3647.5091763264995,1.9546033335639381,1
2027.0367764202474,2.0393873611378424,1
733.2767731725385,2.421797413692043,0
1473.9578614506595,3.1334406594278446,0
1102.0269275341575,2.121540387214097,0
3221.102586823009,2.006122027880155,0
684.6031552250082,2.9578406718351564,0
1601.8550846680762,2.4303779253069036,1
2061.8573971373676,3.0218315266069697,0
2607.432856654661,2.4329361894699426,0
1309.341939714026,2.632024469336045,0
2676.9678322854033,2.8274243716027074,0
3131.9769996954697,1.6805462221952487,1
1013.1966127296695,2.419634985433012,0
3571.07954837197,1.8597205633678564,1
2196.440133832872,2.931860628803479,0
2805.6442839134447,1.4196130243094827,1
2048.424207817941,1.9380480660169133,1
3640.5176334087246,1.9002727208312507,1
2388.1258013624783,3.3200354193408868,0
3950.3176193291133,2.397229069923151,1
2211.491991182949,1.6763017819954023,1
1979.4636944209462,2.822447841130098,0
3002.2716880036405,1.6581696055671533,1
3674.5045077852465,1.6740315532574193,1
1768.3421373951064,2.9165075957774405,0
1265.9945494951205,2.828275595969469,0
3193.6524538775307,2.2601165185784544,0
1048.380753359524,2.611239761351143,0
2942.6925361776116,1.817400702698726,0
3169.7813261764763,2.4617748005251596,0
3631.2156978997286,1.358873089651212,1
4233.642182987861,2.059055484732901,1
2112.4962108814516,1.6878809220586475,1
2646.6626219455993,2.6794951673491,0
964.7911559161033,2.201874643309128,0
1739.6130964589877,3.1764978206937373,0
,1.919634833895687,1
3884.998338393568,2.180725659511509,1
3206.293419457277,2.5403043820112194,0
2103.9627859595103,2.953344643349467,0
2694.800232668183,2.9413895542082176,0
3787.4395178711734,2.134131648474893,1
2553.1691042623675,2.8884419359572564,0
2146.9240805497097,2.280027865721875,1
3070.3010462417355,1.3415293428246664,1
,1.9240910915828147,1
2613.948629165811,2.5800208750976283,0
1400.5913203444325,3.1944834938674305,0
879.3933524252486,1.6646998159822013,0
3522.978317381456,2.041001176455936,1
3089.9568454285263,2.3661359223215745,0
2112.4904239020952,2.126053382291091,1
1744.4891204703242,3.194074603590911,0
3226.7922561901623,1.5003364444412168,1
,2.6043849201298594,0
929.7612469473397,,0
3963.9939410678953,1.6731442611558185,1
4159.48744743088,1.754332031984935,1
2295.0659005444145,2.9366867239181245,0
3142.9450724384556,1.6863622191332093,1
,1.5397585011209853,1
1263.5319264063562,2.9994124222706975,0
1101.573212697175,2.4523620524140286,0
2386.8988429553,1.3536577208572742,1
4102.085873770545,1.976082966869956,1
3797.380504255802,2.207076510096906,1
1890.4258647383479,,0
1955.539651097414,2.0861195494099936,1
,1.7055756247591654,1
3197.9769353407755,1.327539047098787,1
2733.276295749702,1.5706383615878838,1
2198.563921331812,,0
2922.3939405020847,1.4782757383929717,1
945.8766032838615,2.130038195939776,0
2782.9060260194456,1.2055484580868108,1
3608.562721493512,,1
,1.8216926906656408,1
2251.8369594076657,2.931983844690678,0
2450.4954853068207,1.9293342331687986,1
2680.0126029791863,1.989457692559374,0
2653.7477340825235,2.30413599657946,0
1105.095228156234,2.3275731083179547,0
1464.1346128103382,2.2718154213700092,0
4224.388983596025,2.1709799061252926,1
2198.689242917245,1.3419342393021747,1
1040.0323408911747,2.3524531291224458,0
2048.426891083437,1.6210797173114249,1
3471.1298491250186,1.470051764678964,1
1215.2467715890207,2.606906782087771,0
3666.5745739606004,1.9167302111077988,1
2212.0353420864917,1.5618459183171978,1
1167.2721427957847,2.6415849058726746,0
1232.1651239253893,2.278093519018656,0
2062.9207249558312,2.646580081759015,0
1908.3192219397326,3.3843373794410496,0
2769.8310635079392,2.37201033518743,0
1728.303209682968,2.445974837642326,1
2465.483876224353,3.0018277344344004,0
1271.3141661430966,2.350461161542665,0
2128.8154151446047,2.7720455538029456,0
3321.8489515421147,2.1660398913284835,1
3705.657374550744,1.7684739438684234,1
1090.176761750684,2.0249042427247095,0
2332.6341321777363,1.9615574936709903,1
2526.258059549682,2.629793674732375,0
1154.0534441568075,3.08442821793471,0
,2.321426021046911,1
2854.510080006066,3.0945918387419677,0
2097.597937985909,2.2157754666795526,1
1829.7150868172967,3.084937114919283,0
2452.5137404995417,2.5505982806248126,0
3020.5474160741683,1.383277378050689,1
2449.2671364846537,2.8618809553997577,0
3821.2140721674004,1.990680360689671,1
1830.5887006352186,,0
2141.8484611721615,3.1720745423854995,0
2782.128357180495,2.3688304621309118,0
2112.9925708749975,1.7870625571216663,1
3825.6683677637284,,1
4006.5419666602315,2.0015237173003273,1
2173.3036301919146,1.60851032083034,1
1254.9966231318376,2.9037302391010686,0
3849.529624730122,2.3905709401394226,1
891.9922187373608,2.5122245361209363,0
3172.7605376387087,1.6349305560017466,1
3055.79017651347,2.134173488155412,0
3037.502228058962,2.4867536534593424,0
2393.044983350132,2.858330071633206,0
2735.335627956194,1.6875085536988863,1
1480.0311047837126,,0
2967.7957414288935,2.4458566066638836,0
2399.134888371366,1.962673591404273,1
3582.129569081539,0.9479881180595267,1
1902.4077221183497,2.021655803083711,1
3970.672237778055,2.2353459282657755,1
3722.80241029566,2.1462035098188337,1
2069.522243558796,2.3159165097549597,0
2634.12551911411,2.7804100747085343,0
3171.799953988785,1.4387573990055262,1
2346.1475852963554,,0
2936.975100148668,1.7617398290855963,1
3467.0067640726834,1.4208787872344075,1
2418.421776925375,1.6491740215547712,1
3876.567877486407,1.8720724405936764,1
,2.462831031867967,1
3737.3963033148307,2.601285579655241,1
2838.16022589539,1.3341116422112211,1
1215.8154102482936,2.2627503311250443,0
2514.8026133341937,2.005937683421238,1
3927.1409703672257,2.509252512408959,1
3896.4606287767456,,1
3797.4932751240954,2.083282684905739,1
1889.2598843720496,3.033171923138352,0
2467.3217566547687,,0
3189.967323828803,2.1518538246029064,0
3651.3756413866636,2.3983086628458654,1
1951.5256370072343,2.9183519936289617,0
3699.9393470466257,2.3749378840803113,1
4171.451696738139,1.538516352855218,1
1331.6100895699724,2.564755737712716,0
2296.5879804891665,1.752512147013145,1
714.6058836603045,2.0917247078320114,0
2483.014735832618,1.9468230176903834,1
2806.8606075960324,1.634948954648222,0
3594.7841219337897,1.6141031034487403,1
1770.559649563211,2.75876023070432,0
3728.1935259437096,1.9280592345286303,1
1101.3236900052652,2.673951607661696,0
1816.8567969314254,2.4349039316263315,1
2830.003859452486,1.9332353632885366,0
2605.3156123527783,3.16232293809066,0
3955.1570714373047,,1
2679.6839667974205,2.814676481354745,0
3440.619086482737,1.6102124258986454,1
3040.536197602106,1.2540438393050781,1
1055.6711206802518,1.9233711320964058,0
3339.4987039108028,1.5095685324433181,1
2866.531295666608,1.433506156259828,1
,1.7232901999954928,1
2300.35510638621,2.677960031162073,0
1340.954676434399,3.0430855437278974,0
3259.9545873343477,1.5816428680296648,1
2495.6748639847274,2.8776091544570237,0
3398.4526760947515,1.3286117534284094,1
2890.977992778947,2.2980603859063407,0
2738.9017401204374,2.2931368339835143,0
,2.565715990796747,0
1355.285540885637,,0
3235.451049810446,1.8534887292211972,0
2762.8534258717727,1.2086016959496497,1
2629.7668523491443,2.2187965211705825,1
2213.8417839558247,2.4610150738115024,1
3113.0452451555107,1.638044062323126,1
1703.7378068265457,3.13861082399801,0
2693.368487408538,1.8392041399198713,1
1926.0713833384527,1.9709728849582222,1
3995.6710628977407,2.255089832678154,1
2477.6738486577556,2.738407186955449,0
1001.9239142053915,2.1257608955468585,0
1714.8797470473203,2.9094742534116613,0
1954.1351617819953,3.0123824370610155,0
2699.1225753321482,2.8286870387223435,0
2527.844189035522,2.0793392492822447,1
3139.3544818876535,1.7483371949182542,1
1161.8198716637796,2.8221522944830326,0
931.3433810141612,2.196469293553678,0
2441.226309553294,1.8442926133122173,1
4157.956319575893,1.7646808021675662,1
1808.450114411736,2.7296753978153845,0
2378.7515251780355,2.221336321477985,0
3523.837258530957,1.33452193757716,1
3129.3726566754517,1.819947085760429,1
